insert into Available_stocks (id, Small, Medium, Large, Extra_large) values (1, 2, 3, 4, 2);
insert into Available_stocks (id, Small, Medium, Large, Extra_large) values (2, 0, 1, 0, 2);
insert into Available_stocks (id, Small, Medium, Large, Extra_large) values (3, 5, 8, 6, 2);
insert into Available_stocks (id, Small, Medium, Large, Extra_large) values (4, 2, 3, 2, 2);
insert into Available_stocks (id, Small, Medium, Large, Extra_large) values (5, 0, 2, 1, 2);
insert into Available_stocks (id, Small, Medium, Large, Extra_large) values (6, 3, 3, 4, 2);
insert into Available_stocks (id, Small, Medium, Large, Extra_large) values (7, 2, 4, 2, 2);
insert into Available_stocks (id, Small, Medium, Large, Extra_large) values (8, 2, 1, 2, 2);
insert into Available_stocks (id, Small, Medium, Large, Extra_large) values (9, 4, 3, 4, 2);
insert into Available_stocks (id, Small, Medium, Large, Extra_large) values (10, 0, 0, 1, 2);
insert into Available_stocks (id, Small, Medium, Large, Extra_large) values (11, 2, 3, 2, 2);
insert into Available_stocks (id, Small, Medium, Large, Extra_large) values (12, 0, 0, 1, 2);
insert into Available_stocks (id, Small, Medium, Large, Extra_large) values (13, 2, 2, 2, 2);
insert into Available_stocks (id, Small, Medium, Large, Extra_large) values (14, 0, 1, 1, 2);
insert into Available_stocks (id, Small, Medium, Large, Extra_large) values (15, 2, 1, 1, 2);
insert into Available_stocks (id, Small, Medium, Large, Extra_large) values (16, 3, 2, 3, 2);
insert into Available_stocks (id, Small, Medium, Large, Extra_large) values (17, 2, 3, 2, 2);
insert into Available_stocks (id, Small, Medium, Large, Extra_large) values (18, 0, 1, 0, 2);
insert into Available_stocks (id, Small, Medium, Large, Extra_large) values (19, 3, 2, 2, 2);
insert into Available_stocks (id, Small, Medium, Large, Extra_large) values (20, 1, 2, 2, 2);
insert into Available_stocks (id, Small, Medium, Large, Extra_large) values (21, 0, 0, 1, 1);
insert into Available_stocks (id, Small, Medium, Large, Extra_large) values (22, 0, 1, 1, 2);
insert into Available_stocks (id, Small, Medium, Large, Extra_large) values (23, 0, 1, 0, 1);
insert into Available_stocks (id, Small, Medium, Large, Extra_large) values (24, 0, 2, 2, 1);
insert into Available_stocks (id, Small, Medium, Large, Extra_large) values (25, 2, 2, 3, 2);
insert into Available_stocks (id, Small, Medium, Large, Extra_large) values (26, 2, 3, 4, 2);
insert into Available_stocks (id, Small, Medium, Large, Extra_large) values (27, 2, 1, 2, 2);
insert into Available_stocks (id, Small, Medium, Large, Extra_large) values (28, 2, 1, 2, 2);
insert into Available_stocks (id, Small, Medium, Large, Extra_large) values (29, 1, 2, 2, 2);
insert into Available_stocks (id, Small, Medium, Large, Extra_large) values (30, 2, 2, 1, 2);
insert into Available_stocks (id, Small, Medium, Large, Extra_large) values (31, 2, 1, 1, 2);
insert into Available_stocks (id, Small, Medium, Large, Extra_large) values (32, 1, 2, 1, 2);

insert into Products (id, name, description, price, category, available_stock_id) values (1, 'Barcelona', 'Camiseta Nike Barcelona Home 2021/2022 + Parche UEFA Champions League', '15500', 'europa', 1);
insert into Products (id, name, description, price, category, available_stock_id) values (2, 'España Retro', 'Camiseta Adidas España Retro Home 1998/1999 Dorsal 10 - Raul', '15000', 'retro', 2);
insert into Products (id, name, description, price, category, available_stock_id) values (3, 'PSG', 'Camiseta Nike PSG Home 2021/2022', '14500', 'europa', 3);
insert into Products (id, name, description, price, category, available_stock_id) values (4, 'Alemania', 'Camiseta Adidas Alemania Home 2020/2021 + Parche Eurocopa', '13000', 'selecciones', 4);
insert into Products (id, name, description, price, category, available_stock_id) values (5, 'Ajax Retro', 'Camiseta Adidas Ajax Home 1994/1995', '15500', 'retro', 5);
insert into Products (id, name, description, price, category, available_stock_id) values (6, 'River', 'Camiseta Adidas River Home 2021/2022', '11500', 'argentina', 6);
insert into Products (id, name, description, price, category, available_stock_id) values (7, 'Liverpool', 'Camiseta Nike Liverppol Home 2021/2022 + Parche UEFA Champions League', '15500', 'europa', 7);
insert into Products (id, name, description, price, category, available_stock_id) values (8, 'España', 'Camiseta Adidas España Home 2021/2022', '13000', 'selecciones', 8);
insert into Products (id, name, description, price, category, available_stock_id) values (9, 'Boca', 'Camiseta Adidas Boca Home 2021/2022', '11500', 'argentina', 9);
insert into Products (id, name, description, price, category, available_stock_id) values (10, 'Suecia Retro', 'Camiseta Adidas Suecia Retro Home 1996/1998 Dorsal 7 - Larsson', '15000', 'retro', 10);
insert into Products (id, name, description, price, category, available_stock_id) values (11, 'Inter', 'Camiseta Nike Inter Home 2020/2021', '13500', 'europa', 11);
insert into Products (id, name, description, price, category, available_stock_id) values (12, 'Holanda Retro', 'Camiseta Nike Holanda Home 1994 Dorsal 10 - Bergkamp', '15000', 'retro', 12);
insert into Products (id, name, description, price, category, available_stock_id) values (13, 'Racing', 'Camiseta Kappa Racing Home 2021/2022', '10000', 'argentina', 13);
insert into Products (id, name, description, price, category, available_stock_id) values (14, 'Francia', 'Camiseta Nike Francia Home Vapor Match 2020/2021', '16500', 'selecciones', 14);
insert into Products (id, name, description, price, category, available_stock_id) values (15, 'Croacia', 'Camiseta Nike Croacia Away 2020/2021', '13000', 'europa', 15);
insert into Products (id, name, description, price, category, available_stock_id) values (16, 'Manchester City', 'Camiseta Puma Manchester City Home 2021/2022', '14500', 'europa', 16);
insert into Products (id, name, description, price, category, available_stock_id) values (17, 'Independiente', 'Camiseta Puma Independiente Home 2021/2022', '10000', 'argentina', 17);
insert into Products (id, name, description, price, category, available_stock_id) values (18, 'Holanda', 'Camiseta Nike Holanda Home Vapor Match 2021/2022', '16500', 'selecciones', 18);
insert into Products (id, name, description, price, category, available_stock_id) values (19, 'Real Madrid', 'Camiseta Adidas Real Madrid Home 2021/2022', '14500', 'europa', 19);
insert into Products (id, name, description, price, category, available_stock_id) values (20, 'Juventus', 'Camiseta Adidas Juventus Home 2021/2022', '13500', 'europa', 20);
insert into Products (id, name, description, price, category, available_stock_id) values (21, 'Parma Retro', 'Champion Parma 1999/2000 Away - Dorsal 28 Cannavaro', '15500', 'retro', 21);
insert into Products (id, name, description, price, category, available_stock_id) values (22, 'Manchester United Retro', 'Camiseta Adidas Manchester United 1990/1992 Away', '13500', 'retro', 22);
insert into Products (id, name, description, price, category, available_stock_id) values (23, 'Juventus Retro', 'Camiseta Kappa Juventus 1999/2000 Away - Dorsal 10 Del Piero - Match', '15000', 'retro', 23);
insert into Products (id, name, description, price, category, available_stock_id) values (24, 'Barcelona Retro', 'Camiseta Meyba Barcelona 1982/1984 Home', '15000', 'retro', 24);
insert into Products (id, name, description, price, category, available_stock_id) values (25, 'Nigeria', 'Camiseta Nike Vapor Match Nigeria Home 2020/2021', '14500', 'selecciones', 25);
insert into Products (id, name, description, price, category, available_stock_id) values (26, 'Brasil', 'Camiseta Nike Brasil Visitante 2020/2021', '11500', 'selecciones', 26);
insert into Products (id, name, description, price, category, available_stock_id) values (27, 'Belgica', 'Camiseta Adidas Bélgica Home 2020-2021', '11500', 'selecciones', 27);
insert into Products (id, name, description, price, category, available_stock_id) values (28, 'Colombia', 'Camiseta Adidas Colombia Home 2021-2022', '13500', 'selecciones', 28);
insert into Products (id, name, description, price, category, available_stock_id) values (29, 'Velez', 'Camiseta Kappa Velez Sarsfield Home 2021/2022', '10000', 'argentina', 29);
insert into Products (id, name, description, price, category, available_stock_id) values (30, 'San Lorenzo', 'Camiseta Nike San Lorenzo Home 2021/2022', '10000', 'argentina', 30);
insert into Products (id, name, description, price, category, available_stock_id) values (31, 'Huracan', 'Camiseta Peak Huracan Home 2021/2022', '9500', 'argentina', 31);
insert into Products (id, name, description, price, category, available_stock_id) values (32, 'Estudiantes', 'Camiseta Under Armour Estudiantes LP Home 2021/2022', '9500', 'argentina', 32);



insert into Product_images (id, image, product_id) values (1, 'barca.jpeg', 1);
insert into Product_images (id, image, product_id) values (2, 'barca2.jpeg', 1);
insert into Product_images (id, image, product_id) values (3, 'barca3.jpeg', 1);
insert into Product_images (id, image, product_id) values (4, 'barca4.jpeg', 1);
insert into Product_images (id, image, product_id) values (5, 'barca5.jpeg', 1);
insert into Product_images (id, image, product_id) values (6, 'barca6.jpeg', 1);

insert into Product_images (id, image, product_id) values (7, 'españa-retro.jpeg', 2);
insert into Product_images (id, image, product_id) values (8, 'españa-retro2.jpeg', 2);
insert into Product_images (id, image, product_id) values (9, 'españa-retro3.jpeg', 2);
insert into Product_images (id, image, product_id) values (10, 'españa-retro4.jpeg', 2);
insert into Product_images (id, image, product_id) values (11, 'españa-retro5.jpeg', 2);

insert into Product_images (id, image, product_id) values (12, 'psg.jpeg', 3);
insert into Product_images (id, image, product_id) values (13, 'psg2.jpeg', 3);
insert into Product_images (id, image, product_id) values (14, 'psg3.jpeg', 3);
insert into Product_images (id, image, product_id) values (15, 'psg4.jpeg', 3);
insert into Product_images (id, image, product_id) values (16, 'psg5.jpeg', 3);

insert into Product_images (id, image, product_id) values (17, 'alemania.jpeg', 4);
insert into Product_images (id, image, product_id) values (18, 'alemania2.jpeg', 4);
insert into Product_images (id, image, product_id) values (19, 'alemania3.jpeg', 4);

insert into Product_images (id, image, product_id) values (20, 'ajax-retro.jpeg', 5);
insert into Product_images (id, image, product_id) values (21, 'ajax-retro2.jpeg', 5);
insert into Product_images (id, image, product_id) values (22, 'ajax-retro3.jpeg', 5);
insert into Product_images (id, image, product_id) values (23, 'ajax-retro4.jpeg', 5);

insert into Product_images (id, image, product_id) values (24, 'river.jpg', 6);
insert into Product_images (id, image, product_id) values (25, 'river2.jpg', 6);
insert into Product_images (id, image, product_id) values (26, 'river3.jpg', 6);
insert into Product_images (id, image, product_id) values (27, 'river4.jpg', 6);

insert into Product_images (id, image, product_id) values (28, 'liverpool.jpeg', 7);
insert into Product_images (id, image, product_id) values (29, 'liverpool2.jpeg', 7);
insert into Product_images (id, image, product_id) values (30, 'liverpool3.jpeg', 7);
insert into Product_images (id, image, product_id) values (31, 'liverpool4.jpeg', 7);

insert into Product_images (id, image, product_id) values (32, 'españa.jpeg', 8);
insert into Product_images (id, image, product_id) values (33, 'españa2.jpeg', 8);

insert into Product_images (id, image, product_id) values (34, 'boca.jpg', 9);
insert into Product_images (id, image, product_id) values (35, 'boca2.jpg', 9);
insert into Product_images (id, image, product_id) values (36, 'boca3.jpg', 9);
insert into Product_images (id, image, product_id) values (37, 'boca4.jpg', 9);

insert into Product_images (id, image, product_id) values (38, 'suecia-retro.jpeg', 10);
insert into Product_images (id, image, product_id) values (39, 'suecia-retro2.jpeg', 10);
insert into Product_images (id, image, product_id) values (40, 'suecia-retro3.jpeg', 10);
insert into Product_images (id, image, product_id) values (41, 'suecia-retro4.jpeg', 10);
insert into Product_images (id, image, product_id) values (42, 'suecia-retro5.jpeg', 10);

insert into Product_images (id, image, product_id) values (43, 'inter.jpeg', 11);
insert into Product_images (id, image, product_id) values (44, 'inter2.jpeg', 11);
insert into Product_images (id, image, product_id) values (45, 'inter3.jpeg', 11);
insert into Product_images (id, image, product_id) values (46, 'inter4.jpeg', 11);
insert into Product_images (id, image, product_id) values (47, 'inter5.jpeg', 11);

insert into Product_images (id, image, product_id) values (48, 'holanda-retro.jpeg', 12);
insert into Product_images (id, image, product_id) values (49, 'holanda-retro2.jpeg', 12);
insert into Product_images (id, image, product_id) values (50, 'holanda-retro3.jpeg', 12);
insert into Product_images (id, image, product_id) values (51, 'holanda-retro4.jpeg', 12);
insert into Product_images (id, image, product_id) values (52, 'holanda-retro5.jpeg', 12);

insert into Product_images (id, image, product_id) values (53, 'racing.jpg', 13);
insert into Product_images (id, image, product_id) values (54, 'racing2.jpg', 13);
insert into Product_images (id, image, product_id) values (55, 'racing3.jpg', 13);
insert into Product_images (id, image, product_id) values (56, 'racing4.jpg', 13);

insert into Product_images (id, image, product_id) values (57, 'francia.jpeg', 14);
insert into Product_images (id, image, product_id) values (58, 'francia2.jpeg', 14);
insert into Product_images (id, image, product_id) values (59, 'francia3.jpeg', 14);
insert into Product_images (id, image, product_id) values (60, 'francia4.jpeg', 14);
insert into Product_images (id, image, product_id) values (61, 'francia5.jpeg', 14);

insert into Product_images (id, image, product_id) values (62, 'croacia.jpeg', 15);
insert into Product_images (id, image, product_id) values (63, 'croacia2.jpeg', 15);
insert into Product_images (id, image, product_id) values (64, 'croacia3.jpeg', 15);
insert into Product_images (id, image, product_id) values (65, 'croacia4.jpeg', 15);
insert into Product_images (id, image, product_id) values (66, 'croacia5.jpeg', 15);

insert into Product_images (id, image, product_id) values (67, 'city.jpeg', 16);
insert into Product_images (id, image, product_id) values (68, 'city2.jpeg', 16);
insert into Product_images (id, image, product_id) values (101, 'city3.jpeg', 16);
insert into Product_images (id, image, product_id) values (69, 'city4.jpeg', 16);
insert into Product_images (id, image, product_id) values (70, 'city5.jpeg', 16);


insert into Product_images (id, image, product_id) values (71, 'indepte.jpg', 17);
insert into Product_images (id, image, product_id) values (72, 'indepte2.jpg', 17);
insert into Product_images (id, image, product_id) values (73, 'indepte3.jpg', 17);
insert into Product_images (id, image, product_id) values (74, 'indepte4.jpg', 17);
insert into Product_images (id, image, product_id) values (75, 'indepte5.jpg', 17);

insert into Product_images (id, image, product_id) values (76, 'holanda.jpeg', 18);
insert into Product_images (id, image, product_id) values (77, 'holanda2.jpeg', 18);
insert into Product_images (id, image, product_id) values (78, 'holanda3.jpeg', 18);
insert into Product_images (id, image, product_id) values (79, 'holanda4.jpeg', 18);
insert into Product_images (id, image, product_id) values (80, 'holanda5.jpeg', 18);

insert into Product_images (id, image, product_id) values (81, 'real.jpeg', 19);
insert into Product_images (id, image, product_id) values (82, 'real2.jpeg', 19);
insert into Product_images (id, image, product_id) values (83, 'real3.jpeg', 19);
insert into Product_images (id, image, product_id) values (84, 'real4.jpeg', 19);
insert into Product_images (id, image, product_id) values (85, 'real5.jpeg', 19);

insert into Product_images (id, image, product_id) values (86, 'juve.jpeg', 20);
insert into Product_images (id, image, product_id) values (87, 'juve2.jpeg', 20);
insert into Product_images (id, image, product_id) values (88, 'juve3.jpeg', 20);
insert into Product_images (id, image, product_id) values (89, 'juve4.jpeg', 20);
insert into Product_images (id, image, product_id) values (90, 'juve5.jpeg', 20);

insert into Product_images (id, image, product_id) values (91, 'boca5.jpg', 9);
insert into Product_images (id, image, product_id) values (92, 'racing5.jpg', 13);
insert into Product_images (id, image, product_id) values (93, 'españa3.jpeg', 8);
insert into Product_images (id, image, product_id) values (94, 'españa4.jpeg', 8);
insert into Product_images (id, image, product_id) values (95, 'españa5.jpeg', 8);
insert into Product_images (id, image, product_id) values (96, 'alemania4.jpeg', 4);
insert into Product_images (id, image, product_id) values (97, 'alemania5.jpeg', 4);
insert into Product_images (id, image, product_id) values (98, 'ajax-retro5.jpeg', 5);
insert into Product_images (id, image, product_id) values (99, 'river5.jpg', 6);
insert into Product_images (id, image, product_id) values (100, 'liverpool5.jpeg', 7);

insert into Product_images (id, image, product_id) values (161, 'parma-retro.jpeg', 21);
insert into Product_images (id, image, product_id) values (102, 'parma-retro2.jpeg', 21);
insert into Product_images (id, image, product_id) values (103, 'parma-retro3.jpeg', 21);
insert into Product_images (id, image, product_id) values (104, 'parma-retro4.jpeg', 21);
insert into Product_images (id, image, product_id) values (105, 'parma-retro5.jpeg', 21);

insert into Product_images (id, image, product_id) values (106, 'united-retro.jpeg', 22);
insert into Product_images (id, image, product_id) values (107, 'united-retro2.jpeg', 22);
insert into Product_images (id, image, product_id) values (108, 'united-retro3.jpeg', 22);
insert into Product_images (id, image, product_id) values (109, 'united-retro4.jpeg', 22);
insert into Product_images (id, image, product_id) values (110, 'united-retro5.jpeg', 22);

insert into Product_images (id, image, product_id) values (111, 'juve-retro.jpeg', 23);
insert into Product_images (id, image, product_id) values (112, 'juve-retro2.jpeg', 23);
insert into Product_images (id, image, product_id) values (113, 'juve-retro3.jpeg', 23);
insert into Product_images (id, image, product_id) values (114, 'juve-retro4.jpeg', 23);
insert into Product_images (id, image, product_id) values (115, 'juve-retro5.jpeg', 23);

insert into Product_images (id, image, product_id) values (116, 'barca-retro.jpeg', 24);
insert into Product_images (id, image, product_id) values (117, 'barca-retro2.jpeg', 24);
insert into Product_images (id, image, product_id) values (118, 'barca-retro3.jpeg', 24);
insert into Product_images (id, image, product_id) values (119, 'barca-retro4.jpeg', 24);
insert into Product_images (id, image, product_id) values (120, 'barca-retro5.jpeg', 24);

insert into Product_images (id, image, product_id) values (121, 'nigeria.jpeg', 25);
insert into Product_images (id, image, product_id) values (122, 'nigeria2.jpeg', 25);
insert into Product_images (id, image, product_id) values (123, 'nigeria3.jpeg', 25);
insert into Product_images (id, image, product_id) values (124, 'nigeria4.jpeg', 25);
insert into Product_images (id, image, product_id) values (125, 'nigeria5.jpeg', 25);

insert into Product_images (id, image, product_id) values (126, 'brasil.jpeg', 26);
insert into Product_images (id, image, product_id) values (127, 'brasil2.jpeg', 26);
insert into Product_images (id, image, product_id) values (128, 'brasil3.jpeg', 26);
insert into Product_images (id, image, product_id) values (129, 'brasil4.jpeg', 26);
insert into Product_images (id, image, product_id) values (130, 'brasil5.jpeg', 26);

insert into Product_images (id, image, product_id) values (131, 'belgica.jpeg', 27);
insert into Product_images (id, image, product_id) values (132, 'belgica2.jpeg', 27);
insert into Product_images (id, image, product_id) values (133, 'belgica3.jpeg', 27);
insert into Product_images (id, image, product_id) values (134, 'belgica4.jpeg', 27);
insert into Product_images (id, image, product_id) values (135, 'belgica5.jpeg', 27);

insert into Product_images (id, image, product_id) values (136, 'colombia.jpeg', 28);
insert into Product_images (id, image, product_id) values (137, 'colombia2.jpeg', 28);
insert into Product_images (id, image, product_id) values (138, 'colombia3.jpeg', 28);
insert into Product_images (id, image, product_id) values (139, 'colombia4.jpeg', 28);
insert into Product_images (id, image, product_id) values (140, 'colombia5.jpeg', 28);

insert into Product_images (id, image, product_id) values (141, 'velez.jpg', 29);
insert into Product_images (id, image, product_id) values (142, 'velez2.jpg', 29);
insert into Product_images (id, image, product_id) values (143, 'velez3.jpg', 29);
insert into Product_images (id, image, product_id) values (144, 'velez4.jpg', 29);
insert into Product_images (id, image, product_id) values (145, 'velez5.jpg', 29);

insert into Product_images (id, image, product_id) values (146, 'SL.jpg', 30);
insert into Product_images (id, image, product_id) values (147, 'SL2.jpg', 30);
insert into Product_images (id, image, product_id) values (148, 'SL3.jpg', 30);
insert into Product_images (id, image, product_id) values (149, 'SL4.jpg', 30);
insert into Product_images (id, image, product_id) values (150, 'SL5.jpg', 30);

insert into Product_images (id, image, product_id) values (151, 'huracan.jpg', 31);
insert into Product_images (id, image, product_id) values (152, 'huracan2.jpg', 31);
insert into Product_images (id, image, product_id) values (153, 'huracan3.jpg', 31);
insert into Product_images (id, image, product_id) values (154, 'huracan4.jpg', 31);
insert into Product_images (id, image, product_id) values (155, 'huracan5.jpg', 31);

insert into Product_images (id, image, product_id) values (156, 'estudiantes.jpg', 32);
insert into Product_images (id, image, product_id) values (157, 'estudiantes2.jpg', 32);
insert into Product_images (id, image, product_id) values (158, 'estudiantes3.jpg', 32);
insert into Product_images (id, image, product_id) values (159, 'estudiantes4.jpg', 32);
insert into Product_images (id, image, product_id) values (160, 'estudiantes5.jpg', 32);


insert into Product_Shop_cart (id, product_id, shop_cart_id) values (1, 1, 1);
insert into Product_Shop_cart (id, product_id, shop_cart_id) values (2, 2, 2);
insert into Product_Shop_cart (id, product_id, shop_cart_id) values (3, 3, 3);
insert into Product_Shop_cart (id, product_id, shop_cart_id) values (4, 4, 4);
insert into Product_Shop_cart (id, product_id, shop_cart_id) values (5, 5, 5);
insert into Product_Shop_cart (id, product_id, shop_cart_id) values (6, 6, 6);
insert into Product_Shop_cart (id, product_id, shop_cart_id) values (7, 7, 7);
insert into Product_Shop_cart (id, product_id, shop_cart_id) values (8, 8, 8);
insert into Product_Shop_cart (id, product_id, shop_cart_id) values (9, 9, 9);
insert into Product_Shop_cart (id, product_id, shop_cart_id) values (10, 10, 10);
insert into Product_Shop_cart (id, product_id, shop_cart_id) values (11, 11, 11);
insert into Product_Shop_cart (id, product_id, shop_cart_id) values (12, 12, 12);
insert into Product_Shop_cart (id, product_id, shop_cart_id) values (13, 13, 13);
insert into Product_Shop_cart (id, product_id, shop_cart_id) values (14, 14, 14);
insert into Product_Shop_cart (id, product_id, shop_cart_id) values (15, 15, 15);
insert into Product_Shop_cart (id, product_id, shop_cart_id) values (16, 16, 16);
insert into Product_Shop_cart (id, product_id, shop_cart_id) values (17, 17, 17);
insert into Product_Shop_cart (id, product_id, shop_cart_id) values (18, 18, 18);
insert into Product_Shop_cart (id, product_id, shop_cart_id) values (19, 19, 19);
insert into Product_Shop_cart (id, product_id, shop_cart_id) values (20, 20, 20);
insert into Product_Shop_cart (id, product_id, shop_cart_id) values (21, 21, 21);
insert into Product_Shop_cart (id, product_id, shop_cart_id) values (22, 22, 22);
insert into Product_Shop_cart (id, product_id, shop_cart_id) values (23, 23, 23);
insert into Product_Shop_cart (id, product_id, shop_cart_id) values (24, 24, 24);
insert into Product_Shop_cart (id, product_id, shop_cart_id) values (25, 25, 25);
insert into Product_Shop_cart (id, product_id, shop_cart_id) values (26, 26, 26);
insert into Product_Shop_cart (id, product_id, shop_cart_id) values (27, 27, 27);
insert into Product_Shop_cart (id, product_id, shop_cart_id) values (28, 28, 28);
insert into Product_Shop_cart (id, product_id, shop_cart_id) values (29, 29, 29);
insert into Product_Shop_cart (id, product_id, shop_cart_id) values (30, 30, 30);
insert into Product_Shop_cart (id, product_id, shop_cart_id) values (31, 31, 31);
insert into Product_Shop_cart (id, product_id, shop_cart_id) values (32, 32, 32);



insert into Shop_carts (id, price, user_id, created_at, buy_date, quantity) values (1, '24752.36', 1, '4/10/2021', '12/16/2020', 1);
insert into Shop_carts (id, price, user_id, created_at, buy_date, quantity) values (2, '15063.56', 2, '4/2/2021', '7/6/2021', 1);
insert into Shop_carts (id, price, user_id, created_at, buy_date, quantity) values (3, '5688.04', 3, '5/6/2021', '8/27/2021', 1);
insert into Shop_carts (id, price, user_id, created_at, buy_date, quantity) values (4, '1208.27', 4, '8/30/2021', '12/5/2020', 1);
insert into Shop_carts (id, price, user_id, created_at, buy_date, quantity) values (5, '26094.41', 5, '1/19/2021', '8/15/2021', 1);
insert into Shop_carts (id, price, user_id, created_at, buy_date, quantity) values (6, '5706.71', 6, '9/17/2021', '9/28/2021', 1);
insert into Shop_carts (id, price, user_id, created_at, buy_date, quantity) values (7, '14657.93', 7, '1/17/2021', '6/7/2021', 1);
insert into Shop_carts (id, price, user_id, created_at, buy_date, quantity) values (8, '17604.27', 8, '10/29/2020', '5/1/2021', 1);
insert into Shop_carts (id, price, user_id, created_at, buy_date, quantity) values (9, '27972.88', 9, '6/6/2021', '6/22/2021', 1);
insert into Shop_carts (id, price, user_id, created_at, buy_date, quantity) values (10, '2428.71', 10, '4/14/2021', '6/2/2021', 1);
insert into Shop_carts (id, price, user_id, created_at, buy_date, quantity) values (11, '22126.28', 11, '4/13/2021', '6/10/2021', 1);
insert into Shop_carts (id, price, user_id, created_at, buy_date, quantity) values (12, '17143.28', 12, '8/27/2021', '11/17/2020', 1);
insert into Shop_carts (id, price, user_id, created_at, buy_date, quantity) values (13, '19908.83', 13, '8/18/2021', '9/11/2021', 1);
insert into Shop_carts (id, price, user_id, created_at, buy_date, quantity) values (14, '10343.34', 14, '10/15/2021', '7/30/2021', 1);
insert into Shop_carts (id, price, user_id, created_at, buy_date, quantity) values (15, '11388.11', 15, '10/20/2020', '12/29/2020', 1);
insert into Shop_carts (id, price, user_id, created_at, buy_date, quantity) values (16, '3339.99', 16, '11/16/2020', '12/7/2020', 1);
insert into Shop_carts (id, price, user_id, created_at, buy_date, quantity) values (17, '1969.87', 17, '12/11/2020', '5/31/2021', 1);
insert into Shop_carts (id, price, user_id, created_at, buy_date, quantity) values (18, '14301.74', 18, '3/29/2021', '9/29/2021', 1);
insert into Shop_carts (id, price, user_id, created_at, buy_date, quantity) values (19, '15476.54', 19, '6/18/2021', '3/11/2021', 1);
insert into Shop_carts (id, price, user_id, created_at, buy_date, quantity) values (20, '24550.47', 20, '12/1/2020', '9/8/2021', 1);


insert into Users (id, first_name, last_name, email, password, user_avatar, user_type) values (1, 'Lorianne', 'Loos', 'lloos0@blogs.com', 'fb44595ecc48c79913898681fe4b91d31dec6c32', '', 1);
insert into Users (id, first_name, last_name, email, password, user_avatar, user_type) values (2, 'Scottie', 'Corser', 'scorser1@omniture.com', 'fb44595ecc48c79913898681fe4b91d31dec6c32', '', 2);
insert into Users (id, first_name, last_name, email, password, user_avatar, user_type) values (3, 'Scarface', 'Wenderoth', 'swenderoth2@omniture.com', 'fb44595ecc48c79913898681fe4b91d31dec6c32', '', 3);
insert into Users (id, first_name, last_name, email, password, user_avatar, user_type) values (4, 'Chrotoem', 'Govier', 'cgovier3@aol.com', 'fb44595ecc48c79913898681fe4b91d31dec6c32', '', 4);
insert into Users (id, first_name, last_name, email, password, user_avatar, user_type) values (5, 'Abigail', 'Vann', 'avann4@mysql.com', 'fb44595ecc48c79913898681fe4b91d31dec6c32', '', 5);
insert into Users (id, first_name, last_name, email, password, user_avatar, user_type) values (6, 'Danila', 'Castellet', 'dcastellet5@hatena.ne.jp', 'fb44595ecc48c79913898681fe4b91d31dec6c32', '', 6);
insert into Users (id, first_name, last_name, email, password, user_avatar, user_type) values (7, 'Maurizia', 'Pennell', 'mpennell6@xing.com', 'fb44595ecc48c79913898681fe4b91d31dec6c32', '', 7);
insert into Users (id, first_name, last_name, email, password, user_avatar, user_type) values (8, 'Stefan', 'Ceschi', 'sceschi7@twitpic.com', 'fb44595ecc48c79913898681fe4b91d31dec6c32', '', 8);
insert into Users (id, first_name, last_name, email, password, user_avatar, user_type) values (9, 'Portie', 'Lansdowne', 'plansdowne8@fc2.com', 'fb44595ecc48c79913898681fe4b91d31dec6c32', '', 9);
insert into Users (id, first_name, last_name, email, password, user_avatar, user_type) values (10, 'Di', 'Windross', 'dwindross9@typepad.com', 'fb44595ecc48c79913898681fe4b91d31dec6c32', '', 10);
insert into Users (id, first_name, last_name, email, password, user_avatar, user_type) values (11, 'Naoma', 'Chittock', 'nchittocka@yandex.ru', 'fb44595ecc48c79913898681fe4b91d31dec6c32', '', 11);
insert into Users (id, first_name, last_name, email, password, user_avatar, user_type) values (12, 'Barbee', 'Bartleman', 'bbartlemanb@github.com', 'fb44595ecc48c79913898681fe4b91d31dec6c32', '', 12);
insert into Users (id, first_name, last_name, email, password, user_avatar, user_type) values (13, 'Niall', 'Dibner', 'ndibnerc@slashdot.org', 'fb44595ecc48c79913898681fe4b91d31dec6c32', '', 13);
insert into Users (id, first_name, last_name, email, password, user_avatar, user_type) values (14, 'Paco', 'Fadell', 'pfadelld@w3.org', 'fb44595ecc48c79913898681fe4b91d31dec6c32', '', 14);
insert into Users (id, first_name, last_name, email, password, user_avatar, user_type) values (15, 'Yetta', 'Wooler', 'ywoolere@adobe.com', 'fb44595ecc48c79913898681fe4b91d31dec6c32', '', 15);
insert into Users (id, first_name, last_name, email, password, user_avatar, user_type) values (16, 'Giavani', 'Scrammage', 'gscrammagef@yellowbook.com', 'fb44595ecc48c79913898681fe4b91d31dec6c32', '', 16);
insert into Users (id, first_name, last_name, email, password, user_avatar, user_type) values (17, 'Knox', 'Cissell', 'kcissellg@instagram.com', 'fb44595ecc48c79913898681fe4b91d31dec6c32', '', 17);
insert into Users (id, first_name, last_name, email, password, user_avatar, user_type) values (18, 'Julius', 'Stuchburie', 'jstuchburieh@weebly.com', 'fb44595ecc48c79913898681fe4b91d31dec6c32', '', 18);
insert into Users (id, first_name, last_name, email, password, user_avatar, user_type) values (19, 'Franz', 'Shayes', 'fshayesi@vistaprint.com', 'fb44595ecc48c79913898681fe4b91d31dec6c32', '', 19);
insert into Users (id, first_name, last_name, email, password, user_avatar, user_type) values (20, 'Vanda', 'Earie', 'veariej@alexa.com', 'fb44595ecc48c79913898681fe4b91d31dec6c32', '', 20);